"first_name","last_name","ssn","birthday","city","work","address"
"اسرا","قاضی","53690956908","1999-04-07","باغات آرمین","تلیسه نمونه","780 آیناز آزاد راه واحد 038 بندر آرتین, خراسان شمالی 532061"
"نازنين","محمدی","99814886240","1990-08-05","شمال پرهام","گاز خراسان جنوبی","63182 خسروجردی بزرگ راه شهرستان حنانه, تهران 3867"
"مهسا","عباسی","82042342403","1986-04-15","شرق ریحانه","سرمايه گذاري توسعه معادن و فلزات","450 پرنيا چهار راه روستای عسل, هرمزگان 817010"
"امیر علی","حسنی","73261168742","1973-02-24","استان اميرحسين","كارتن ايران","986 تهرانی بلوار واحد 742 استان ساميار, آذربایجان غربی 0920074506"
"علی اكبر","نوری","44165224947","1972-04-05","استان الناز","سیمان بوهروک یزد","9480 پریا دره سوئیت 617 روستای حدیث, هرمزگان 654"
"ريحانه","مهدیان","86772031679","2016-06-18","روستای سبحان","کابل خودرو سبزوار","57629 كیانا دره دهستان پرنيا, مازندران 7999"
"آتنا","زارع","76166397098","1984-06-26","شمال محمدامین","ريسندگي و با فندگي كاشان","32730 عبدالمالکی کوه واحد 123 شرق محدثه, خوزستان 362"
"آرين","محجوب","52484873341","2010-09-26","روستای مبينا","آرتا پلاست","7522 حسنی چهار راه شمال هانيه, خوزستان 9042140170"
"زينب","نیلوفری","42295162216","1992-07-06","دهستان آرین","صنايع شيميايي سينا","46818 بهمنی کوچه واحد 103 شرق محمدعلي, خراسان رضوی 95380"
"محمدحسين","اشرفی","10861473094","1989-02-04","بندر ماهان","ریف ایران","7974 ضابطی بزرگ راه سوئیت 401 غرب یاسمین, البرز 987"
"محمدعلي","شاکری","31910001840","2001-08-29","دهستان آتنا","همکاران سیستم خراسان جنوبی","692 هانیه جزیره سوئیت 077 روستای کوثر, آذربایجان شرقی 23203"
"علی","اشرفی","28808292630","1999-01-07","روستای پرهام","توسعه فناوری اطلاعات خوارزمی","52346 کيان جاده بندر باران, زنجان 278205"
"زهرا","سعیدی","71392006127","2006-07-04","روستای محمدحسین","لبنيات كالبر","2088 سجاد جاده واحد 128 باغات اميرمهدي, اصفهان 76297"
"احسان","صنایعی","16958303713","1981-09-29","دهستان سینا","گچ ماشيني فارس","3680 زارعی جزیره دهستان امیرحسین, کرمانشاه 203"
"رقیه","محجوب","65673678881","1985-12-29","بندر مبینا","ایران خودرو","6872 کرمانی دره روستای الناز, کهگیلویه و بویراحمد 8031637708"
"پریا","وثاق","59986340240","1991-12-11","شهرستان حسین","داروئي و بهداشتي لقمان","3349 ظفری خیابان واحد 849 بندر آرین, یزد 0324"
"آتنا","اشرفی","41809416490","2013-04-08","شهر کيان","سیمان لامرد","25831 سمسار جاده استان آرین, خراسان 461"
"حلما","علیجانی","55439916889","1995-04-09","دهستان حسین","بلبرينگ ايران","9676 محیا بلوار سوئیت 730 شمال حسين, کرمان 69636"
"مائده","هاشمی","62151707137","1972-12-10","روستای كیانا","توليدي لاستيك البرز – كيان تاير","774 زمانی آزاد راه شهر پرهام, گلستان 2572"
"عباس","روحانی","52049306614","1984-10-02","جنوب فاطمياسارينا","اسپرلوس اهورا","45983 علی پور بلوار واحد 974 باغات هستی, فارس 1450"
"يسنا","زارعی","72270298671","1983-07-19","غرب محمد طاها","پتروشیمی خراسان","037 آرین جنب واحد 057 باغات مائده, گلستان 304"
"ایلیا","محمد پور","93805782811","2001-07-03","باغات محمدامين","بازرسي مهندسي و صنعتي ايران","85477 علی شاهی بلوار روستای سارا, کهگیلویه و بویراحمد 6539"
"محیا","موحد","27979682065","1976-07-20","شهرستان آرمین","توکا رنگ فولاد سپاهان","874 اسما میدان باغات پارسا, آذربایجان غربی 813"
"یسنا","بهرامی","77725414590","1981-09-21","غرب ايليا","مهندسي و قطعات ماشين آلات راه سازي ايران","19226 محمد میدان واحد 467 بندر یلدا, البرز 386648"
"معصومه","پارسا","42686589558","1983-08-18","جنوب متين","داده های رسا","190 مبینا پل سوئیت 002 دهستان ثنا, سمنان 501"
"ياسين","اکبر پور","99119303465","2006-10-23","غرب علي","تکادو","331 هانیه تونل واحد 413 شهر نازنین, هرمزگان 7636994377"
"محدثه","اشرفی","98904171965","2007-04-04","شرق آرتين","پاكسان","6211 عرفان تقاطع سوئیت 745 بندر هانیه, تهران 145202"
"سبحان","دایی","40999162786","1998-09-16","استان آرمین","داملران","33852 گلپایگانی بزرگ راه شمال احسان, تهران 491463"
"یاسمین","گلپایگانی","58073826646","1993-07-23","روستای سينا","لیزینگ ماشین آلات و تجهیزات پاسارگاد","28671 سبحان کوه سوئیت 486 شمال یاسمین, خراسان شمالی 6251925425"
"هستی","طلوعی","14888173534","1974-08-09","شمال محمدامین","مارال صنعت جاوید","8393 عباس میدان سوئیت 806 شمال یاسین, خراسان شمالی 10560"
"مهديس","ربانی","51986895725","1992-10-08","شهرستان هانیه","مهندسی بازرگانی درداران سریر","4788 ماهان بزرگ راه واحد 897 بندر آرتين, سمنان 24349"
"الينا","همدانی","54257612085","2009-12-04","شمال آرین","سایپا","7672 ولاشجردی کوه روستای معصومه, همدان 4932"
"مهدي","بهمنی","27094789853","2018-03-20","استان ايليا","بید وایر ایران","180 نعمتی بلوار سوئیت 480 شمال محمدجواد, مازندران 0380720104"
"کيانا","جنتی","69312960225","1975-10-05","روستای حنانه","سرمايه گذاري بوعلي","7932 آيلين بن بست جنوب مریم, هرمزگان 616936"
"معصومه","رودگر","46307597379","2003-02-10","دهستان مهدی","رادياتور ايران","218 اکبر پور جاده استان بنیامین, لرستان 953"
"رقيه","علی شاهی","29732177046","1982-06-28","شمال حلما","فنرسازي خاور","4290 مبين تونل سوئیت 507 شرق كوثر, هرمزگان 205"
"علي","شادروان","64511914611","1978-07-09","استان ثنا","معماران پارس صنعت","97328 سغیری بلوار سوئیت 747 شهرستان امیرعباس, آذربایجان شرقی 384098"
"هلیا","نعمتی","20155791752","1986-03-25","جنوب اميرعباس","زرین معدن آسیا","605 هاشمی میدان غرب نازنین زهرا, کردستان 750523"
"محمد مهدی","چنگیزی","69024417485","1970-11-04","شمال یوسف","گروه گاز","7358 عباسی چهار راه واحد 188 جنوب هانيه, اردبیل 351883"
"النا","ابوطالبی","92491654092","2005-04-09","شهر الينا","گسترش الکترونیک مبین ایران","2199 عبدالعلی جزیره سوئیت 815 باغات کيانا, یزد 882797"
"بنيامين","ظفری","23055427494","2018-03-24","استان آراد","نگین فخر آذربایجان","5256 گلپایگانی بزرگ راه شهرستان يسنا, تهران 0174"
"پرهام","کرمانی","60746698464","1998-01-10","روستای آوا","تهيه و توليد مواد اوليه فولاد خراسان","79698 زمانی جنب واحد 584 شهر کيانا, تهران 3194521122"
"طاها","معین","95620877278","2004-01-11","استان متین","هوا ابزار تهران","668 مبین جزیره واحد 882 شهر محمدرضا, زنجان 950199"
"آرمین","موحد","81566163968","1985-12-31","استان نازنین","زغال سنگ البرز مرکزی","444 بهرامی پل سوئیت 411 استان سبحان, کرمانشاه 7495"
"الناز","جنتی","71092930328","1972-01-14","شمال ماهان","الياف","06997 ولاشجردی تونل واحد 425 روستای آیلین, قم 140"
"یوسف","قاضی","27118885373","1995-05-13","غرب سوگند","سیاحان سپهر آسیا","637 النا میدان سوئیت 764 استان محمدرضا, قم 38460"
"محمد","عباسی","70163180278","1982-11-30","شهرستان آيناز","گیربکس سایپا","6660 صارمی تقاطع سوئیت 014 شهر معصومه, آذربایجان شرقی 929291"
"آیلین","تحسینی","93099001664","1998-08-31","استان آتنا","کشت وصنعت روژین تاک","970 سمسار جاده واحد 409 روستای آوا, مازندران 90292"
"محمدامین","موسوی","17330107179","1982-02-04","شرق آرمين","آرد زر","5521 آوا جنب بندر محمد, خوزستان 62602"
"سارینا","هنری","70318592909","1973-03-06","باغات رقيه","کاشی کرد","31095 ربانی کوچه سوئیت 311 بندر پرهام, آذربایجان غربی 551"
"امیر علی","سرخوشیان","99258971234","1977-09-15","باغات عسل","پیمان فردان","27523 محمدپارسا کوه سوئیت 924 بندر محيا, گلستان 13320"
"محيا","بهرامی","45636045037","2005-05-12","بندر رها","عايق پلاستيك","97505 پرهام تقاطع غرب محمد مهدی, آذربایجان غربی 6553"
"هستی","عقیلی","63010868716","1978-05-20","شمال طاها","کشت وصنعت سبز پاسارگاد","974 عقیلی خیابان شرق زهرا, خراسان رضوی 0182002108"
"یوسف","جلیلی","24992031239","1972-11-19","باغات آريا","نساجی کویر سمنان","542 عسل بن بست شرق اميرحسين, یزد 722"
"زينب","تحسینی","78046829447","2011-06-29","شهر زینب","ماشین رول","882 یسنا دره واحد 358 شهر معصومه, کردستان 1615"
"محمد مهدی","محمد پور","96486441028","2008-07-14","غرب محمد","قند مرودشت","46991 یوسف آزاد راه سوئیت 047 دهستان مليکا, بوشهر 9462662399"
"رضا","ملکیان","11919979429","2000-02-21","بندر آتنا","افزار پرداز رمیس","296 نوروزی کوه سوئیت 280 باغات محيا, خراسان شمالی 7451"
"مهدي","تهرانی","44443027131","1996-11-24","استان سارا","صنايع مفتولي زنجان","0396 محمدحسين جاده واحد 311 شهر مهدی, اردبیل 288"
"دانیال","پویان","99493726568","1989-06-13","شمال ياسمين","سحر همدان","038 يسنا جنب سوئیت 790 استان یسنا, کرمان 716190"
"محمدرضا","نوبختی","31169131830","1996-11-29","دهستان اسما","گروه صنعتي سپاهان","8095 آرمین پل شهرستان زینب, یزد 96901"
"آرين","وثاق","71283937631","1982-04-16","روستای پرهام","شاد گل نیشابور","18467 گلپایگانی پل استان محمدیاسین, اصفهان 095"
"اميرعلي","صیادی","44056399499","1994-06-30","جنوب يوسف","نيرو كلر","298 سمسار بلوار سوئیت 225 باغات ماهان, همدان 6128858569"
"فاطمه زهرا","محمد پور","30621923171","1981-09-23","شمال زهرا","صنایع کابل سازی افق البرز","0778 ضابطی بزرگ راه سوئیت 363 شهرستان علی, بوشهر 274"
"ماهان","موسوی","78759315186","1992-06-09","شهر مبین","گروه شركتهاي چند رشته اي صنعتي","1477 معروف تونل واحد 917 شهر ایلیا, کرمان 06824"
"زینب","عبدالعلی","89235415254","1988-08-07","شرق امیر علی","اروم آدا","925 ساميار بلوار واحد 316 شرق ايليا, چهارمحال و بختیاری 58624"
"پارسا","نوروزی","55816892358","1989-09-21","بندر معصومه","بازرگانی صبا بیمه ایرانیان","0735 یگانه جزیره بندر امیر علی, مازندران 1535850057"
"پرنيا","هدایت","45955529305","2006-05-26","شهر النا","فولاد افزا سپاهان","093 یلدا پل شهرستان مهدیس, خراسان 8598146511"
"متين","هدایت","52274346200","1990-01-05","شهرستان محمد","ريسندگي و بافندگي پاكريس","876 باران بلوار واحد 131 شهر آرتین, بوشهر 672353"
"احسان","جهانی","71409801999","2002-10-20","غرب آتنا","خدمات مهندسی ساختمان تاسیسات راه آهن","08013 ایلیا آزاد راه سوئیت 654 شهر فاطمه, چهارمحال و بختیاری 96507"
"آيناز","هوشیار","43572607459","2015-08-25","روستای رقيه","خدمات دریایی و کشتیرانی خط دریا بندر","146 علی جاده شمال سبحان, آذربایجان شرقی 195"
"مبين","موحد","46029077648","1986-11-24","جنوب هستی","سیاحان سپهر آسیا","343 صارمی جزیره واحد 225 بندر امیر علی, ایلام 54249"
"حسنا","رفیعی","86392715268","1986-10-14","شهرستان ماهان","لاستیک بارز","39025 مليکا بن بست بندر باران, فارس 5617"
"محمد","عزیزی","41492956404","2016-09-30","غرب فاطمه زهرا","ایمان تجارت روشن","79051 شبیری آزاد راه شمال ملیكا, اصفهان 416392"
"ماهان","سعیدی","38857907306","2012-08-14","جنوب آرتين","ایران گلاب مرغوب","3843 هاشمی جزیره واحد 788 غرب دانيال, سمنان 0082119593"
"مهدیس","محمد پور","55138755377","1977-09-27","استان آتنا","محورسازان ايران خودرو","019 سارا چهار راه باغات بنیامین, قزوین 5446679720"
"محدثه","هنری","17632424378","2001-04-23","شمال علی رضا","ملی گاز","222 سینا آزاد راه شرق كیان, کهگیلویه و بویراحمد 2054"
"یاسین","ربانی","46834370396","1982-03-06","روستای امیررضا","سرمايه گذاري توسعه شهري توس گستر","2631 نرگس بلوار سوئیت 920 روستای رقيه, آذربایجان غربی 955082"
"آوا","جعفر پور","44286982388","2005-01-14","باغات هستی","احسان شیمی استهبان","153 عليرضا بن بست جنوب آيلين, ایلام 5069422489"
"پریا","عقیلی","20500343333","1980-02-05","جنوب نرگس","مهندسی بازرگانی درداران سریر","842 اميرمحمد بن بست سوئیت 333 باغات پارسا, سیستان و بلوچستان 902859"
"پرنيا","قاضی","93812260365","2016-06-19","جنوب هستي","صنايع توليدي اشتاد ايران","510 نوبختی جنب غرب آيناز, گیلان 9085"
"محمد","مهدیان","15359666012","1976-01-18","شهرستان سينا","صنایع فلزی کوشا","50808 ماهان جنب سوئیت 968 شمال ستایش, اصفهان 7229"
"مريم","ضابطی","26717592462","2013-07-25","استان نازنين","سرمایه گذاری توسعه  الوند غدیر","8995 عقیلی پل باغات ایلیا, همدان 4262691242"
"آیلین","عبدالمالکی","26953836848","1983-05-16","روستای مهسا","ایزوفام","1276 زارعی دره باغات محمد, کرمان 55189"
"امیرعباس","تنزیلی","48580747863","1982-07-10","شهر حنانه","صخره سنگی فرزین","5424 خسروجردی تونل سوئیت 824 بندر هانیه, اصفهان 8254"
"پارسا","لاهوتی","41903204551","2017-02-05","جنوب آيدا","پلي اكريل ايران","4312 ابوطالبی تقاطع شرق پارسا, اصفهان 099512"
"ابوالفضل","رضا زاده","93959988119","1987-06-16","شهر محمد طاها","بيسكوئيت گرجي","456 دایی جنب استان زهرا, آذربایجان غربی 37027"
"اميرعلي","احمدی","65457393837","2019-09-17","استان پریا","سرمايه گذاري نيرو","9894 هدایت آزاد راه واحد 675 شمال محمدپارسا, خوزستان 6730937759"
"مبین","سمسار","30385022630","1993-05-18","استان یگانه","داروسازي فارابي","91228 همدانی تونل سوئیت 790 غرب مهدي, سیستان و بلوچستان 22263"
"علی اصغر","نامور","13500747466","1987-07-17","شهرستان آرش","ريخته گري تراكتورسازي ايران","6703 مبين آزاد راه شهر نازنین, البرز 3397261476"
"سينا","صیادی","98896342214","1978-12-29","استان سارا","صخره سنگی فرزین","04485 سبحان تقاطع واحد 101 شهرستان دانيال, قم 3201691378"
"اسرا","حمیدی","77201246277","1991-09-09","استان اسما","راهبران فولاد اصفهان","05599 حنانه بلوار سوئیت 483 روستای ابوالفضل, ایلام 744321"
"اميرمحمد","صارمی","45766052538","1975-03-19","شهر علي","آذرپاسیلو","95105 مهدیان چهار راه بندر مهديس, گیلان 6142"
"مبین","کمالی","44588628220","2014-05-07","غرب سوگند","کشاورزی و تحقیقاتی نوین زعفران","0763 آیدا جاده جنوب مهدی, خراسان جنوبی 4452"
"طاها","زمانی","29065763739","1977-12-03","شمال مبینا","توسعه و گسترش صنایع بسته بندی فلزی","3090 کيان کوه سوئیت 949 دهستان عسل, یزد 553"
"بنیامین","چنگیزی","38789282152","2000-12-23","جنوب الناز","خدماتي تجهيزات سنگين همگام","131 عقیلی پل باغات رقيه, مرکزی 03512"
"محمدعلي","محمد پور","81869367515","2018-10-09","استان اسما","کشاورزی ودامپروری دشت نوین ملایرا","158 جهانی میدان واحد 135 روستای فاطمه, سمنان 454351"
"مريم","کریمی","52906840417","1979-07-15","شهر فاطمه","سپرده گذاری مرکزی اوراق بهادار و تسویه وجوه","67370 شبیری کوچه واحد 821 شهرستان مليکا, بوشهر 259"
"محمد","هنری","88869907368","1976-07-11","غرب حنانه","عايق پلاستيك","406 علی شاهی پل بندر علی, اصفهان 4251396595"
"النا","کریمی","42931425173","1982-11-07","غرب النا","بازرسی فنی و کنترل خوردگی تکین کو","805 قاضی دره سوئیت 575 غرب سوگند, قزوین 917"
"علی رضا","عبدالمالکی","27185348548","2011-07-29","روستای يسنا","ذوب آهن اصفهان","9713 محمد جزیره شهرستان ريحانه, کردستان 1334050942"
